pilot_id,vendor,hit_any,hit_address,usable_mail,n_candidates,clear_single_best,top1_miles_to_court,top1_type,wrong_person_risk,dob_helped,query_variant,latency_s,cost_usd,secretary_would_mail,notes
P01,,,,,,,,,,,,,,
P02,,,,,,,,,,,,,,
P03,,,,,,,,,,,,,,
P04,,,,,,,,,,,,,,
P05,,,,,,,,,,,,,,
P06,,,,,,,,,,,,,,
P07,,,,,,,,,,,,,,
P08,,,,,,,,,,,,,,
P09,,,,,,,,,,,,,,
P10,,,,,,,,,,,,,,
P11,,,,,,,,,,,,,,
P12,,,,,,,,,,,,,,
P13,,,,,,,,,,,,,,
P14,,,,,,,,,,,,,,
P15,,,,,,,,,,,,,,
P16,,,,,,,,,,,,,,
P17,,,,,,,,,,,,,,
P18,,,,,,,,,,,,,,
P19,,,,,,,,,,,,,,
P20,,,,,,,,,,,,,,
